{"loss": [1.408031940460205, 0.45423832535743713, 0.28074830770492554, 0.19004477560520172, 0.14422740042209625, 0.10663854330778122, 0.09227178990840912, 0.07262604683637619, 0.066802479326725, 0.05682150274515152], "accuracy": [0.5839248895645142, 0.8552244305610657, 0.9100362658500671, 0.9381464123725891, 0.9523437023162842, 0.9650757312774658, 0.9693150520324707, 0.9756028056144714, 0.9783768653869629, 0.9818194508552551], "val_loss": [0.5318915843963623, 0.3124644458293915, 0.3501362204551697, 0.16999110579490662, 0.1553943157196045, 0.13291965425014496, 0.12691204249858856, 0.13145186007022858, 0.1474083811044693, 0.1786360889673233], "val_accuracy": [0.8314932584762573, 0.8971659541130066, 0.8884589076042175, 0.9465057849884033, 0.9495788812637329, 0.9564648270606995, 0.9607329964637756, 0.9602777361869812, 0.9557819366455078, 0.949066698551178]}